name,length
download/video/bdc5a80d21d6a11e6a385af470a9a5e5.mp4,24
download/video/4a7e7e43f7c2daf83379fca6256caf25.mp4,24
download/video/76b9f1d2ed8ad6e26130861a62a4ea96.mp4,24
download/video/89f401235b092467b7ba057043763945.mp4,24
download/video/69871dc78f27c95084a2700f392b74ab.mp4,24
download/video/911f0f2d031f8b13955192c9776f82fa.mp4,24
download/video/659a2c83c5070f2872fcabf78257248e.mp4,24
download/video/9f74b403efc2881fb70c02c322146a4a.mp4,24
download/video/1615a60c2d7c20d7bbfde18e82b67c57.mp4,24
download/video/2cde22502a6db1a083af05cd86937872.mp4,24
download/video/9f20ae0daea452dc54eba1099fee8d58.mp4,24
download/video/9697241b7a0e81e730faecb48c187523.mp4,24
download/video/28d89cc3aada7f344dc032f31c5ef976.mp4,24
download/video/601e7dc4815ee15dc49b49a87902a950.mp4,24
download/video/aa0bdd3272c042393fca92e8a3bb0461.mp4,24
download/video/a49f5f411ed75a227a26994eb0df83a6.mp4,24
download/video/f0103a132de0f2aad8b66caaede3f1b9.mp4,25
download/video/15bdb4d86f045d4622c67955dfeb0f92.mp4,25
download/video/131fc3d7c7f763b3615c86756326f325.mp4,25
download/video/0b3a045febfe0ab98d0c8fc831944898.mp4,25
download/video/9ecc17fa97e57f94e399ca4ce7a29967.mp4,25
download/video/a66b347656620cabc4cce78e428260e2.mp4,25
download/video/de9e46d2d361e7f5ebcac66fbb953cbe.mp4,25
download/video/85fce9d61e29aad80a9215da07f81bee.mp4,25
download/video/fe2fb71d926172fbf550a29a46e6292d.mp4,25
download/video/8da3a1be0952fb9e803173f555754369.mp4,25
download/video/ca604c131993703b03b04a2f991629d8.mp4,25
download/video/d9d8d7a0a7a924eb6321ece7b2c84f87.mp4,25
download/video/b966ba483ea76ec8da9b1022ec77e84a.mp4,25
download/video/f4507d017da58a71f92ac23bd184da35.mp4,25
download/video/92410b0afcad9f875a570005a439784d.mp4,25
download/video/6bd2b34df6fea9652f1922190ffddcac.mp4,25
download/video/6f175f8385abbe4d614f97a30e2a4ae0.mp4,25
download/video/b40348dbfd7b0ac1f272acff3c5800ed.mp4,25
download/video/c5f6b707d4bed36845ec9a32b989c272.mp4,25
download/video/2dfadba233e0a9a56495c3bacc67bc76.mp4,25
download/video/70f171968dc5bd61fcc1af4585f590ba.mp4,25
download/video/edc7c2f7815495678b956ef789610822.mp4,25
download/video/f4f9addf552b7dc85e9452e847d50f7a.mp4,25
download/video/2a39a4a725bd409a962855548eeece83.mp4,26
download/video/6a23ac80bb224b75970b7b2a1070ee15.mp4,26
download/video/e2c5d8aad095343ba7480d18f3e84a67.mp4,26
download/video/66ae11246c0fdcd95c968c343bb3d290.mp4,26
download/video/3f03dc0aaf1e98e8d8a119ce77117100.mp4,26
download/video/9793d59406bafc07b66127a3bcd328ec.mp4,26
download/video/6af7cf876abf9b6953e9b338cfb14476.mp4,26
download/video/d6188b4f1b617e29987d44902e95772a.mp4,26
download/video/6970eebaa6f2bd312e2c5f487e7e8c8f.mp4,26
download/video/eb7c4528ba5d2469e3796948dffe5f94.mp4,26
download/video/76fa3a0708a02051fe9d697ef950cc94.mp4,26
download/video/48a81477bec256ae44869543fa30c01a.mp4,26
download/video/04b4ac8976a0400509d0bc52ed13e6d6.mp4,26
download/video/a8477c5add64ba3c2c2b3b156c638a47.mp4,27
download/video/d58d1593a4437a5451e65d4623a2c603.mp4,27
download/video/51ebece787aaf530d644cc521f9ae776.mp4,27
download/video/1e911d903c3fed8041007c3b0b5ac742.mp4,27
download/video/abe8f432da1a064fb35c3a87cbaa2b2a.mp4,27
download/video/e6c1f8ff76787bc99013b8c34ae21d47.mp4,27
download/video/cb2488aeea037c17a23cbf76efced06c.mp4,27
download/video/e3f878c72ff39bfebff948b8267687cf.mp4,27
download/video/90683f32df18f1d68fdc780654a7b911.mp4,27
download/video/378611990b598d13cd69a05201da8b12.mp4,28
download/video/2a00783e6f48cd31d500f3d0a15a9e61.mp4,28
download/video/817b207177154c2f81b7870655cb8cdb.mp4,28
download/video/6daca8b2fc0daa4973072868490ded11.mp4,28
download/video/27112086d66689f2b4221f249c4dbbe5.mp4,28
download/video/4945c811e5f2babd4f81c05cc1006b4a.mp4,28
download/video/2aa7603f82f13587c10f002dbb9986c0.mp4,28
download/video/603a5e776a5ce8d15162e00449d0a124.mp4,28
download/video/73140ab7644c666470b00b79c251a44e.mp4,28
download/video/3e7680a52349c9b6c9aaba1bf7de5ba5.mp4,28
download/video/d7a5cec29f64383fe7598b37bc4cca78.mp4,28
download/video/9d113c182670dad20cbb77fe0bfdbb52.mp4,28
download/video/9a2d83e7163168476f86564fde4eaf69.mp4,28
download/video/86abdcfc80b9e32f0dbe81d577b6cf78.mp4,28
download/video/f18ad5fca67b772d472ec0cba8e9de1a.mp4,29
download/video/178d4885c8754f2e0ca66047f245b4d4.mp4,29
download/video/1f72949a8e4318bcda69dfdb9435484c.mp4,29
download/video/5ae65c3c5206125d30352dda1d69e8cf.mp4,29
download/video/d694efab03ce6a2a147f6a8a26ef3191.mp4,29
download/video/ec4dd4677f1e1cbaeaf6d2010320f3ae.mp4,29
download/video/1c332c4291c74a45f9caa555ae2c96a8.mp4,29
download/video/d6142ccaffa1efe07618d50c35bc560d.mp4,29
download/video/7b0c5b8b71bee5abaa134640597a99f8.mp4,29
download/video/3e320e2feb3440a1a57769743c37ede4.mp4,29
download/video/c0692decabeeff4a937e9b699f346ee5.mp4,29
download/video/fe04ba8161710a078cbc22ac10437d65.mp4,29
download/video/cb37a71b3e281a3d647f8dc7e39b930a.mp4,29
download/video/65068a0f3405ca86c4d7649b85716dae.mp4,29
download/video/9245415977912ff09e6b448ff3b336ba.mp4,30
download/video/e5c30b578550c9b30b6d85415f3a6e1b.mp4,30
download/video/0da2c5f835ff1865e3328b15b62a5b3f.mp4,30
download/video/97f147833f6963ff02cf6275f1fe5867.mp4,30
download/video/b482542612ee5f2f209da549e80bd8d3.mp4,30
download/video/dfeeec4adf0dee74601db375db9234fa.mp4,30
download/video/32bd405385a3eb443b705d161b6463a1.mp4,30
download/video/7fb203bda4fb4a08cc436e92b8504f40.mp4,30
download/video/40d507f0daf1f8c2a35a09541b8ebc0b.mp4,30
download/video/94dc26e482446e5b07c0655cf5173c17.mp4,30
download/video/b5eca182f6677000e2cbff49e7a0c19a.mp4,30
download/video/9544e5218392715b2b13a9083e19a39b.mp4,31
download/video/c901adca8f03b3be5b7692ba6eb3ec74.mp4,31
download/video/482035b57108745f688b0cc21919cc22.mp4,31
download/video/4370a1776d750e7ce5e6bb64183c491c.mp4,31
download/video/a530f4e2b4ccd8cf42df9269b7a28c92.mp4,31
download/video/380ab0eca4bfdd8f8787e0affc681980.mp4,31
download/video/fe129650d6459a1ed0902af72cef333b.mp4,31
download/video/e624e1fa937f9a8a9dbf5b9570733137.mp4,31
download/video/cec88c872c511cdef4d8feee440a43d9.mp4,32
download/video/da7a50f82e822187af5f7071859b655b.mp4,32
download/video/cc655c11244211efb58d9147f5731358.mp4,32
download/video/62ca7971d46bfb7a096106d33bcc2d55.mp4,32
download/video/0ae7207b1364a4083b4a445a0007169d.mp4,32
download/video/69443ad97e56de5b6393161d9edb8f37.mp4,32
download/video/c39201849bf9705ce9c30dc30bbd9858.mp4,32
download/video/2082694a9a590149eaef4fe39001d699.mp4,32
download/video/29ac0c38d85d931f029de718ed7b5e8c.mp4,32
download/video/501456a0ecb9e075f188295423cdb6b9.mp4,32
download/video/59d95ca61caf040ff469d9ef179fcea0.mp4,33
download/video/3cd0e6f768d2564e0c425e2db2862255.mp4,33
download/video/b01561933a629357c785a52ad56f504c.mp4,33
download/video/3f8268c80d56e08214370aff4fd8443b.mp4,33
download/video/0c2d84b28af54f422d5948174a5b5da2.mp4,33
download/video/d0da4326412282f0fd53eebcd45d1f01.mp4,33
download/video/8455253fd88e033547c4649930fe9d97.mp4,34
download/video/567c2b5c8af393d16d8bbac16575ff0e.mp4,34
download/video/61a18f308b2219189817d87d039fff37.mp4,34
download/video/1b0cc37c9bfdb29867d33d115832443f.mp4,34
download/video/11e59d097c4b7c79e8052f72b9024fdb.mp4,34
download/video/8961413ac66d7c6adfa06e2783668967.mp4,34
download/video/ddc10fc0a286f1132e9523269dd1cbbd.mp4,34
download/video/c31aedc1a0d2474c56455406f6fcd1f4.mp4,35
download/video/63e01df2370b90864251fa8c04eabb11.mp4,35
download/video/bb2f11f2014ec6d313abc3125de473d3.mp4,35
download/video/4e9e51992d643a5dfbcbecf5ea4520fc.mp4,35
download/video/5bfc99b50ff03e54ba3e19534c2e135b.mp4,35
download/video/eb7bc16ae2edfe2e2670f382175a8cc4.mp4,35
download/video/24c66017bf5a635a0f6a7cd5638fb6d1.mp4,36
download/video/66591cc0b000aa37d81b8572d65f7bbd.mp4,37
download/video/5ef9ae27e6fa9514cd6ea650498deefb.mp4,37
download/video/fd9ccf9475ffd372aefc77c1738b1e59.mp4,37
download/video/aa51c30731cc9666e9bea3f25c972e8a.mp4,37
download/video/2e6d7d230b2d7979f4dc6d8bc1ba8ff3.mp4,37
download/video/b8b6eca8fddbbc2934e04f9b86afe4df.mp4,38
download/video/bf2d5184a857ccaca3e821e47b75ab55.mp4,38
download/video/5eba1bc21555b80c1ebc313732e4a3a8.mp4,38
download/video/34721452b4bf523afd413f9277260643.mp4,38
download/video/e5fe11a0c37bc7097a1fbd80c2ddacba.mp4,38
download/video/7e4e548b332be4459552005f6745ba46.mp4,38
download/video/e914dbc1a75c8e087201f4bb9327aab4.mp4,38
download/video/e429e96a0b2ef7bcf506e5f571078153.mp4,38
download/video/b1801e0b8204dcb0346a88864b131c8b.mp4,38
download/video/5487b351da9b31be87e307ed1ab49a2a.mp4,38
download/video/cc6ec7c226498e4eeb0d553604e14d7c.mp4,38
download/video/bf826561fdb50e0f21e217e11afa7160.mp4,39
download/video/b772e0ac5348dd21fce7c4f64c9edcbd.mp4,39
download/video/f6706d3ee66352092d49ccb76448f10a.mp4,39
download/video/731082ba9ad2fd15f04d92878ec077cb.mp4,39
download/video/23924328efc8b217e717e4c77fe1d85a.mp4,39
download/video/f41bfc2ce020d7d569c6576702c40cff.mp4,39
download/video/48486120243219e6a23d395f45a5b7ed.mp4,39
download/video/7f40e96f50dac1564cabd38c1c12dfc0.mp4,39
download/video/e5cc9aec1653987bd101d4f6586dc7d9.mp4,40
download/video/896f5ddf88250b7cb8fc53e58b8f0c60.mp4,40
download/video/05ba3c1e9290562dde33902263d5e6c6.mp4,40
download/video/eb28a55286e0a92571e7375d25082549.mp4,40
download/video/f105c06902997f3026a144e290855b8e.mp4,40
download/video/6256f2e9351b27efcebc0e00aaba7bd2.mp4,40
download/video/b91a1707826d351f784a237b9a292faf.mp4,40
download/video/45d1c3123efd406cf558a0074e3de069.mp4,40
download/video/b01fd840641d3bcdc1c4b1e119335daa.mp4,40
download/video/919a69d6c8596ead7b92c8a6840bdc39.mp4,41
download/video/664b5df27739bf26d4221ea665af0341.mp4,41
download/video/d8e70558671689fd65679d49c2b6deaf.mp4,41
download/video/d0a27e555fb5ade7594962b6217b2987.mp4,41
download/video/c5749d5754dde7edb959b085fb0ce119.mp4,41
download/video/e03c22eb6d047746f9a86068d46ed55e.mp4,41
download/video/4e04d490588e0cc5f1368d9e6d2690f8.mp4,41
download/video/8c2881c9373f7a0ad184bd1452dcbe9a.mp4,41
download/video/308c9a8a1c89a8763d62a27bb4e04ef8.mp4,42
download/video/d8842380278500f5ec46e6c2eb9a6992.mp4,42
download/video/f90f57c46788e6a60ca420c0bd239697.mp4,42
download/video/aa366946c8b5ff66a834e013f6705e13.mp4,42
download/video/ce08c085a7a20421c4b990ec8d643339.mp4,43
download/video/65af917e2ab2824073244fe061482024.mp4,43
download/video/f249243a2c7b95008a5fea8526c1e603.mp4,43
download/video/103130941a8ecf213b6e1bc05d25397b.mp4,43
download/video/d5e4582e88a357ed6b4f412641d188fe.mp4,43
download/video/6511720ed4ca4f558391d8f9421cfdd9.mp4,44
download/video/479f7540e79d0e35a15f3ce6f1f6392b.mp4,44
download/video/8d323e33883f42d9b642ffe8cf743aff.mp4,44
download/video/2a6396fbbf049742c560edf023462e96.mp4,44
download/video/04f6182e6f70a9ff34b3c2f1d2caecc0.mp4,44
download/video/14fb97be774c73848715561919ab27c5.mp4,44
download/video/f73c04b2215c033e390fc980a121cef0.mp4,44
download/video/c47d0393349c8405924d6b0e57c3d911.mp4,44
download/video/ad3cbacd652aef6da2308b312643d1b2.mp4,44
download/video/e5448e63c0fa78034a7f5503e1bcefc1.mp4,45
download/video/a4a31066ad3e08f9c88c31b9556caaca.mp4,45
download/video/a8735418c4d8e715b688ac10c28e44ef.mp4,45
download/video/a13a11fe2805e0e31044193460e2db93.mp4,45
download/video/9a4d0ff61cb43b124ec672431a510ba4.mp4,45
download/video/0025d38dc1be24aa40d5778caf5a221e.mp4,45
download/video/ff6f94c3ef0344eb65cbba9ac3879175.mp4,45
download/video/c8865285ab9056ce24e92d4d266282ac.mp4,45
download/video/6e786a4174734d2db0c5e80aabf37980.mp4,45
download/video/63207529e7a1809e44c7faa20a1fa756.mp4,45
download/video/8e6b17f4e4938dd07d9d80d8f9bd06e8.mp4,46
download/video/3a168eeb4b2d0eaba5b55016afe19bf9.mp4,46
download/video/828a9fc51e22c9e0ccca4b6b2b79a158.mp4,46
download/video/f6da5a03757811ad8e8c10b840f651c0.mp4,46
download/video/4d3b0de18b2f44e7eb226050940c5687.mp4,46
download/video/09fdeac06bf5ec4feef11b76cdf8946b.mp4,46
download/video/dc89a73881890baa5560af2531365688.mp4,46
download/video/e23768bc675fd16a354f1f50ed343886.mp4,47
download/video/7b4fedf254f70304fdf8defc338c19f7.mp4,47
download/video/8053d7d146a21b135080de2acf4f8d22.mp4,47
download/video/244b3f659763e1b6b5d3988d0dff04a6.mp4,47
download/video/08c26ee89ff1f9b8e28992600c09159c.mp4,47
download/video/4caf1dc0f0b796d25c3e622c50d21cd2.mp4,47
download/video/fdebe7ca59e11d888d2266a8c45489cf.mp4,47
download/video/1bb23b79ff00aa9bb254c2ddcd7c0b0c.mp4,47
download/video/75a21c441556f0b9b2d8e0165e18a287.mp4,48
download/video/a3b62bf9ae3423242efba25b23586a89.mp4,48
download/video/f444849a1965dd507699e00e9d2ae14c.mp4,48
download/video/67b44c36d632488ed9ed01b07cf7a4d5.mp4,48
download/video/110798cb5b21920798baa5bc0a5309b4.mp4,48
download/video/81a6a6b5d83eaeda977032355126b252.mp4,48
download/video/4601e046e46e8f1cc351ba7d7927358e.mp4,48
download/video/20566803803b87f1618834b213806e85.mp4,49
download/video/d1ff3f787fcd49a3c890d2a926a04805.mp4,50
download/video/317ba13a338013dee6d4b4228fc64939.mp4,50
download/video/0c3d2d4b09d6090091ca43b29494dbc7.mp4,50
download/video/fff3c5fd5319a795b14045c7c0cfc1e0.mp4,50
download/video/7ed3a293838fa72a9d0737b696344e53.mp4,50
download/video/a4f686abba107718907d134247355c2a.mp4,50
download/video/1a844f3d22e36b210727fafe6830b382.mp4,50
download/video/28a861388ce5b6e8215ff8d3b28ae852.mp4,50
download/video/231096bdfc094c8dc8824449558f6553.mp4,50
download/video/551a6f8ec9286d25d72602143c5c54fd.mp4,50
download/video/39668e1b57bf304a184db769b4c95722.mp4,50
download/video/e33f75000d78e70d6872a69b234d8e97.mp4,50
download/video/637c4e765c5b12b9bf396332a9ca3089.mp4,50
download/video/0bf1f18e20f21b1d17e93adf6f583865.mp4,51
download/video/fcc73149d11a815d1c061fcceca923f7.mp4,51
download/video/0583adc3be140cd8d580c3f6be7345c1.mp4,51
download/video/9aa61d5d02006162be706af6b4a359c4.mp4,51
download/video/d3f62e7d152173506dfff546c184c0ad.mp4,51
download/video/be13e4e3d25d95b32da1fc963488d33c.mp4,52
download/video/7a7ffec91e3c20f74ecb64ad75a0865d.mp4,52
download/video/3a6d2e37f139cc8fe37cdcf91095e072.mp4,52
download/video/c8b8c773193a41aaa2e67d5e34bbd547.mp4,52
download/video/de12696c21d189915afc11e3e98e5095.mp4,52
download/video/16e63ada1e05e971bc5aeddc31b42939.mp4,52
download/video/790947ad7213418b7dc945c15cf70e7b.mp4,53
download/video/b49aaac4441ee3e0c636d3065279f26e.mp4,53
download/video/4a8c06f2000c6d6cb73cdaee5e69102d.mp4,53
download/video/9b3d6c97f1da28682bacf26a50869f07.mp4,54
download/video/48cb1d2bfd27e39dd205e2caefc67b9d.mp4,54
download/video/abe05ecd1ad2f177e24658b4496fe6fe.mp4,54
download/video/64ebc8b56a33df672e8b9a4b739d32c2.mp4,54
download/video/af16a1eb10b938aafc2f9643ea883e0c.mp4,54
download/video/ef3fa711da7af4b96e0edc7e47888fc0.mp4,54
download/video/7a0db639b212dac5ac663731bc314c35.mp4,54
download/video/2f448ae532829aebf38cc70f9ff3b351.mp4,54
download/video/761b9255b4766e5c76376ee2bb73bfbe.mp4,55
download/video/b1df870cf6d31436f32cf1b5da7bd0ce.mp4,55
download/video/5782ea32d84f976ad0815cb6401ea4b8.mp4,55
download/video/46a74c7e2547d18c9cf8d7f9d5521ca4.mp4,55
download/video/c3762e79f316cc3d47391e5b85a504c1.mp4,55
download/video/382e3ffd878a89714b039ee04f9f1d8c.mp4,55
download/video/801e91620377b0fa1308606497ea1b38.mp4,56
download/video/e9fe9c0296e057bfdc7cd2cdba39e0aa.mp4,57
download/video/5f30de63421e7c089ae52dc9a72c6958.mp4,57
download/video/c7925a35e9e6c0c421596b7eaae5ecf9.mp4,57
download/video/8cf057cb17cfc999c30a4b02365d298e.mp4,57
download/video/f745c4b1c270c62608c3e2aa59817611.mp4,57
download/video/ad327b55d2b005ec8713a7e940df2792.mp4,57
download/video/4b3702d20181a049b2f9645cd70ea0e6.mp4,57
download/video/64232ccf2430e7050d78dbfc8d601af1.mp4,57
download/video/e907e81db1155bba7e5e8c585a22bbe1.mp4,58
download/video/598d17e45e3c2f8415ae545166464994.mp4,58
download/video/3ad7e253a9d0a0c38e7c29590a7d98ec.mp4,58
download/video/5445d09ef2a34f0959325720d4849a3e.mp4,58
download/video/5d634a3a620dd052dc569f3fd476a422.mp4,58
download/video/57bb27dfe3aeb018893f8f9ec6e7e890.mp4,59
download/video/07ea66d772c18a9ad7b744de89c230be.mp4,59
download/video/6d019a2df6d27660e4c2d33cd5b5cc32.mp4,59
download/video/4a36852d4338dacbbd78adce86e06592.mp4,59
download/video/83619d32d0eec26e99d750e6a89c8053.mp4,59
download/video/13cf11b7088c405a2cde8cf9fa305900.mp4,59
download/video/ea18464be1fe162e13a6b186aa100c41.mp4,60
download/video/b6f61560825014a4218376279afd187e.mp4,60
download/video/89a86e0df8e897e45f264f0dea300608.mp4,60
download/video/6e6122b10a2d111d8bafcbf974b85153.mp4,60
download/video/c2bdd2bdeb705d0df5e031c5b90caff1.mp4,60
download/video/101a47a144d094e9b8f88dbf51d15aa4.mp4,60
download/video/c3feac5e394fb109d4c1b639baf77873.mp4,61
download/video/047b053335b090b1ea2434e8edb06255.mp4,62
download/video/681558441434d702ff9a68828b1ef7aa.mp4,62
download/video/6d39c7a41466e30cd9976e3c4aac07b6.mp4,62
download/video/f391c9df81276d993ef06c1c64c22cf1.mp4,62
download/video/dd58a80c6cb4a57625105f42ec900e21.mp4,63
download/video/728f125dcd6ce36e51c8a2f0ae22a08b.mp4,64
download/video/771f272f2997173db8a263c6a7c3ff71.mp4,64
download/video/5b9f829e68a11dc954302ddbd21a5450.mp4,64
download/video/519544e036249feecd747f02ff1521e6.mp4,65
download/video/f782aa60ca0cf873444783f8690a8818.mp4,65
download/video/ce672e6fc1abd31d4cc11b3e47c3dcff.mp4,66
download/video/f9528bb2409bad21691f65864a557bc7.mp4,66
download/video/694f9c481ff0bf510bbdeea91a0fb109.mp4,66
download/video/a9bff5d5e222503d2cd0188f272fa931.mp4,66
download/video/7c07990d4b1d86a0e97ca7770466bccc.mp4,66
download/video/b400182876173bf659de6461edea6b39.mp4,66
download/video/2ba1868e222a3540123c817b13b2ef37.mp4,66
download/video/ece19843a93eb4c0077d784dc2882bc2.mp4,67
download/video/8468373eefc2c35de1bf55a2b78cf638.mp4,67
download/video/11a993677dda2a9a5fd10b40e6c9639c.mp4,67
download/video/35b14fc606b00430d8aa46ef5b7bd090.mp4,67
download/video/610e98a0134ff41a715e1b1aa0ec810e.mp4,67
download/video/7e3d58e87f6b0d9385e0d554e77a8eba.mp4,69
download/video/0e384a769daf5977d71dfb10bc0f999f.mp4,70
download/video/06b571558a615ae9a7e2d7b4bcd527c0.mp4,71
download/video/4a84cd474fcc96782301e81ea90071f1.mp4,71
download/video/2ae18bf362bb3bdbfc122ae55238717a.mp4,72
download/video/5a737a90d36006a0a19ba67ff1f257ab.mp4,72
download/video/f9bb822925d330254849e6d62aba78b6.mp4,72
download/video/5db9e5dacfee13371ef4a825fc747944.mp4,73
download/video/e7c94c10ea384835e8c7c32fb5aefd79.mp4,73
download/video/1fcf20b1f0acb9342020172910a30f13.mp4,73
download/video/4193c97b44cee4f5b9ed7c00b0416787.mp4,73
download/video/42e83036886106ad5f3568e997e7d8ee.mp4,73
download/video/2e07d51cf50382067f9c090671e0ea6f.mp4,74
download/video/72718fbb73dd9099cc22fb188a1f88fb.mp4,74
download/video/f193a24a95efce715f5527e22df857b1.mp4,74
download/video/e4f74cfeb89ba56d9faeb5bf03d0f31d.mp4,74
download/video/6c23bf57a82539fa00a96befcfd6ce6b.mp4,75
download/video/8fb58ce330379d963634929158d42885.mp4,77
download/video/d3e3bcd2f0a1b7d16f29fdccc144af48.mp4,78
download/video/9af20210ecac489f4681cd3dd96334c2.mp4,78
download/video/8a9b3964a8c4f762df2a35c9a33302a2.mp4,78
download/video/61e308bcac1529896cac0ae53330e55c.mp4,78
download/video/ea6875b1b8eb121bfc600f2baec92994.mp4,78
download/video/fe6f820f3267b12378832fc1f64acc87.mp4,79
download/video/a5655ef1a4dad813c57c0e05eb19e838.mp4,79
download/video/8689557ce8e49dcf8dad7545d10dc740.mp4,80
download/video/dcf2aeb71f4c1577c5e64c9c5b5bf37d.mp4,80
download/video/c72014356ba01788885e913443cd7e37.mp4,80
download/video/d0b9174bd6f9219c82eeee8311b1864b.mp4,81
download/video/a5b3a88bb66865eed1365df35b5a8dc2.mp4,82
download/video/b6c1f2e6f96ebb2f8b814e9cace75172.mp4,82
download/video/8b910920712fabd294d6a463542ce6ce.mp4,82
download/video/74f2ad524c8e55b044a9e5deb29fcc02.mp4,82
download/video/48fb192b779fb49e9629deaff44d3cbe.mp4,83
download/video/e7f71112e41fa9db97e6741054ad380b.mp4,83
download/video/5b5061496b4a6e7ee305ffd50cc2aa16.mp4,83
download/video/ab385413be9e45a1493474921aee7291.mp4,84
download/video/219cdf74fe9c3f5b702ad85ffa8445e4.mp4,84
download/video/5f6130731d136d9794343c193b6abbc7.mp4,84
download/video/4b218d71b18200b079dc839875afea8b.mp4,84
download/video/32df6e3646b547e98e9d49ab076a40a5.mp4,84
download/video/10ddfe738e5c1c51a323ad5e2bf9d20f.mp4,84
download/video/52a2cf1b1002260a5526175e6f59ad9f.mp4,84
download/video/91238f1fe7652c5fe6edeb84c73cc083.mp4,84
download/video/58139287d5997371ce30418a730f1543.mp4,85
download/video/8f2d0a34c5099e175e460005fc8ac0cb.mp4,85
download/video/923a0e75e82adb654b5dc2373a8100a9.mp4,85
download/video/160cde231c9a5bfa36ead6a9a506e365.mp4,85
download/video/782bd2f8b1ee280a267e9c5b6a62ffd4.mp4,86
download/video/540ff4f5c108496a9133c9346be0a924.mp4,86
download/video/5da81df5cc2e3668516245c9627f5ba9.mp4,88
download/video/7dfa9df8c3dc7ad88b805487865ca593.mp4,90
download/video/1a379da9d983c72196f09226fa0b8171.mp4,91
download/video/e5c337e7d7228d1973b6ea52f784769a.mp4,92
download/video/3dba0552c8d97960f278855a4dfc4b22.mp4,92
download/video/f11dd526626bba4b6d1ad0fe1c67bdad.mp4,92
download/video/e293f6c04e0527f6b7209d32d0c6ed53.mp4,92
download/video/6bb42b5f0b44a7dab05082d10e9bcb9e.mp4,94
download/video/5b2e259190fa84b2bed44e5e0fa2bce2.mp4,95
download/video/49015fe0cd18460285c4a79439377639.mp4,95
download/video/22a3731e20958d477e8cc71e7477b25f.mp4,96
download/video/dc09adbc75c7c2f03f140c57d3a02b08.mp4,97
download/video/b88dad9b93292d28a84a8d2a685f66b7.mp4,97
download/video/767ae575fec3f5879400ba9d46e939d2.mp4,97
download/video/efed2b5e98a71d81dc3072c4c87bf843.mp4,97
download/video/123f44add6a269cb6b811e9adb8e9bea.mp4,98
download/video/9d7bf4c12ee804762cb537cc8bc09a94.mp4,98
download/video/efb07423ee4a49b8bab44c691475b514.mp4,98
download/video/856bab82a527cadeb99536e7a512fdda.mp4,98
download/video/8c9866e749c16ef42a600f44d8033626.mp4,98
download/video/10f7486404a91d66765338a47968c198.mp4,99
download/video/f6a9d36930f8243ad1381a47a9c4ed7f.mp4,99
download/video/bf3485937f644040b1d2b8525f2fc4a4.mp4,100
download/video/af716e471403f8d08f660d76d4bcb86e.mp4,100
download/video/9325e114553efe784a70691262e0e0c9.mp4,100
download/video/e1216e7c785f4fbb3d26463d9c426cd5.mp4,100
download/video/bf210ecd08106eb99967b2ec80adb8de.mp4,101
download/video/d4e8208284381d6147ae38c928f53ab6.mp4,101
download/video/c58e050c3f958e1d5b9e7df7731466d2.mp4,101
download/video/f1bc91127472a3c2efb92041cb7863f7.mp4,102
download/video/76457ae4aadd67f37f0a597228ea9cdc.mp4,103
download/video/602e58e5294f3866e1cf06c1c3f36bc3.mp4,103
download/video/878e803e43535eb7508cc5b8d68a215d.mp4,106
download/video/ebcb7ae9f1aeb66a4f5ab8bdb76e01f9.mp4,107
download/video/63fee49ee9d7050ec79b7dc9aa9cbec1.mp4,107
download/video/be0a788e36d7abf27330d6f5c66aafb0.mp4,107
download/video/436b4cd51f91ae04e092740ea1d8ddf6.mp4,108
download/video/91ff03c8a08b793c5e668105f228e9f0.mp4,108
download/video/19aead00f0720ce6458b21af17aba3ef.mp4,108
download/video/9843d686393c293e2be004456cdb44ce.mp4,109
download/video/c0ead248b5f27ad6d3ef1b5936b0e6a2.mp4,109
download/video/ce7e22c1c3c1f08f4456b31bfb6a58a4.mp4,110
download/video/6164064b0f980d3a3d79f0b46a6c137f.mp4,110
download/video/0e7975853f4f72574ec6b28fcad2bc33.mp4,111
download/video/7e654d28d00b3bef7501e11470c76bfb.mp4,112
download/video/0d3c59a94e72e5f14bf3b3b32ad63d76.mp4,112
download/video/2678e0dbc7a6f4f3921d83b0a5587732.mp4,112
download/video/f011a26a2dab37e365d999b723c2064d.mp4,112
download/video/59766ce68c16e9ca6cab53a7708eec5a.mp4,113
download/video/b83beacd4cfb5363d0a6bbdadcfc1bb4.mp4,113
download/video/554a24df9d5037395fc35694039c7d0a.mp4,114
download/video/b00c3424d4f7128edf4d386565ddc054.mp4,115
download/video/29dbe087300d0abd017725aba85aa4cd.mp4,116
download/video/f695f582a1561f55eafbc622747e7c3d.mp4,117
download/video/74ecec991599e97c7cf144065a3ede9d.mp4,117
download/video/cf85ec50f10c50e177e8a2d5623fdcb6.mp4,117
download/video/88c16c0f88760dcfe7238ea9b9fdb7cd.mp4,117
download/video/de71bdc0a7705e82eda448ca09dd08a0.mp4,119
download/video/0921103446ac83233d0ab365d076d73c.mp4,119
download/video/a593020d17b111004e863bb2dcb2b252.mp4,119
download/video/bda1b5557cc2fbf35f0f678978c0b257.mp4,120
download/video/4abd7e94454e45d74920ed687f54a3d3.mp4,120
download/video/a6168749b419da6ce0bdd8bc8115b209.mp4,121
download/video/1308461e853d2f8cd0a24ecd73dc1df5.mp4,122
download/video/9b959ef02cf4597a7fde9915cf646e42.mp4,123
download/video/a8f8882012fb35bb8acda0e292b612b9.mp4,125
download/video/cda62910a6d7d8755608781b8c89910d.mp4,126
download/video/6de8f668a2c7250e394f321861411659.mp4,127
download/video/2b7d89dcd17875d0def19c219cab3074.mp4,127
download/video/0d10183adbe9e2d5b0ebeb168a2b5dc9.mp4,128
download/video/abfcef4d6f3eb06ea9ab415424384812.mp4,128
download/video/ed18dad9d53cc259401e4e837041a249.mp4,131
download/video/d4dd83f6656a364ab64450b9f0557a50.mp4,131
download/video/ec171636a6ca91540a0407e6b66fc6c6.mp4,132
download/video/e81bdb6c4d5cdc440aa01b39a8d28872.mp4,133
download/video/c3464c91495294874a011b8a48bdec10.mp4,133
download/video/f51f3b1f09c982b8886ed906c0160ed5.mp4,133
download/video/0304e4106473628c41879420d6d3c0d2.mp4,134
download/video/9542daf55edea7784571bd141b40f3b6.mp4,134
download/video/a5a1838d4ea8a80fae5303e547223669.mp4,135
download/video/9c48ab8e2986544e161be6a8cc2bb87c.mp4,135
download/video/da47bdf45ab4ee9b618721ff50bbc7e7.mp4,135
download/video/b95bc83b600ed168b89f189dfedd2e0a.mp4,137
download/video/9c567c39b72f755164ed06ebae730deb.mp4,140
download/video/3f8705e8699a0adb29d6198a827a8649.mp4,140
download/video/1dd48ebe7a0b9ef630950214e8e53b79.mp4,140
download/video/d89afb4d2453188bf435c028b4981be5.mp4,141
download/video/ba3e115501422041b6225c1baf9cc06a.mp4,141
download/video/a94663300c639d19fbd03cc35c56c9ae.mp4,141
download/video/66d4e5ec3a99a1288d271f305e47bee6.mp4,142
download/video/38dc4f49b150d1771e40f210b225f52a.mp4,142
download/video/fceb33f337c66a7be6efc76629a43d3f.mp4,143
download/video/645a5c5452694cf411d289d48f7360c8.mp4,144
download/video/5f6f6e3a29c6638bce809ad2758976b5.mp4,145
download/video/8f66d77b890a025eaf8a2254b7d604ad.mp4,148
download/video/e4fa8642762ebcf3a8e018da33154513.mp4,149
download/video/7043aa6a454e29ecd3325808e33b58f9.mp4,154
download/video/b6ee7b349e122103c82212e393702a59.mp4,154
download/video/7af6ee2a17c3108cb75ef7f6dc188bef.mp4,154
download/video/fe1267f3d9499a72c222f3512f3a46aa.mp4,157
download/video/e6521907444bec86b72bc2f08bd6519b.mp4,158
download/video/283ea6325c4d3f2ea167a76e9717aa45.mp4,158
download/video/24c41bf3f41edac62da614d33b45ecee.mp4,159
download/video/28a540e9118593d1f7359dcb85ae9f3c.mp4,159
download/video/40a48d780bb3c80d9bd23de3a4904d1d.mp4,160
download/video/36a7e179286e51589216b3c32f63895f.mp4,162
download/video/f9244676800c622d7c4d53ef1112c93c.mp4,162
download/video/19464a067b143b63730708bba07a8a0e.mp4,162
download/video/21165a35f83eff99cb3770dca2514234.mp4,164
download/video/842ddd15384b827ec8a877c4a7c6a468.mp4,166
download/video/06030127f81549e45cbf80046fccec8b.mp4,167
download/video/934c4fa23150144bd6665b090de55638.mp4,168
download/video/2629df342a29990be6c6a04c8af08ba2.mp4,169
download/video/05af82df52f20d72a6bf8c17e83664c0.mp4,169
download/video/5b1a7ef52a6f3f266317f062aef89734.mp4,169
download/video/f215a35ee92e3756d507a9a5b0134508.mp4,174
download/video/b44681088f4721db5650f1baf5026ebf.mp4,178
download/video/214aecb14b55a638e481fd493b466eca.mp4,179
download/video/1a159f1986019af438ad48c32386e990.mp4,179
download/video/25c988cfe2e90acfc78f0c82ebefd263.mp4,180
download/video/a070fb3afe9d5a87289fa7e048534008.mp4,181
download/video/5226d646b1057d3bc271f351170f86d1.mp4,181
download/video/c391e06363de4b8b3dd003532bfa16a2.mp4,183
download/video/3f5be66c1efeb777bbd59bde755f7a26.mp4,186
download/video/1ca9bab33c767c0f2c07929894652cd3.mp4,186
download/video/3a96f24344c81ebc42f3b58ecf20e707.mp4,199
download/video/55bd2f348a25d77a89054ea7b3edffbb.mp4,200
download/video/21a7a3d768ebccb981fb99674fac6fa4.mp4,208
download/video/37a8e98b63e9f471b6569ae8ca296fa0.mp4,209
download/video/60482b83d451a82ffd0827b2e9a54af0.mp4,212
download/video/2e072703112a58b16440d543ff887b61.mp4,219
download/video/93c68c461a0618b41bcb9ffafa16693c.mp4,222
download/video/9968ba53de9138fc4fdf2217acf92b40.mp4,222
download/video/532fdf47fdda0dfe00c762d83f0cb7ff.mp4,228
download/video/405b727de4fdd571b98954155df1f0a0.mp4,230
download/video/04f03f75645f9b60b9d08529fe81d480.mp4,238